qid,docid,docno,rank,score,query,text
0,403,151_chunk001,0,5.8518503976171425,Asylum Definition And Assessment,"None of them possessed documentary evidence supporting their claimed ages and were referred for medical age assessments consisting of an X-ray of the left hand and wrist and a dental X-ray (Liversidge and Haavikko methods).

Following the assessments, in..."
0,423,201_chunk001,1,5.638717731268793,Asylum Definition And Assessment,"It was submitted on behalf of the applicant that a family could be a social group, and that the Tribunal had failed to assess whether..."
0,1,5442_chunk001,2,5.495891122579657,Asylum Definition And Assessment,The Constitutional Court considered that the Federal Administrative Court duly assessed both the security and supply...
0,74,3968_chunk000,3,5.420974232990168,Asylum Definition And Assessment,The case concerned an applicant from Pakistan who applied unsuccessfully for asylum in 2012 and return was ordered. He applied for reconsideration which was assessed as subsequent application which was rejected and again an expulsion order was adopted. An appeal was again rejected.
0,151,1648_chunk000,4,5.272908046821849,Asylum Definition And Assessment,"The applicant applied for international protection on 13 January 2010, claiming to be a minor from Zimbabwe and by decision of 29 September 2010 the Federal Office for Asylum rejected the application as unfounded. Upon appeal, the Court of Asylum referred the matter back to the Federal Asylum Office for a new hearing and assessment."
0,39,4036_chunk001,5,5.107758306722866,Asylum Definition And Assessment,The Supreme Administrative Corut had to determine whether the administrative court could have assessed the application of the exclusion clause in the case without holding an oral...
0,127,3231_chunk001,6,5.107758306722866,Asylum Definition And Assessment,"Finally, it stated that if bone examinations contravene such records and assessments, creating a doubt concerning the applicant's minority, then the applicant should be given the..."
0,447,129_chunk000,7,4.990283112190747,Asylum Definition And Assessment,"In the absence of legally binding criteria to assess risk of absconding, applicants may not be detained while waiting for a transfer under the Dublin Regulation.

..."
0,473,196_chunk001,8,4.5698669695353855,Asylum Definition And Assessment,"Based on Chapter III of the Dublin III Regulation, the Office of the Refugee Applications Commissioner determined that the United Kingdom was responsible to assess applicant's applications. At this point, the..."
0,3,5443_chunk001,9,4.475602991743769,Asylum Definition And Assessment,"It noted also that the lower court duly considered the admissibility of the removal on basis of current country of origin reports on Syria, by assessing both the security and supply situation in Syria as well as the..."
0,223,914_chunk001,10,4.475602991743769,Asylum Definition And Assessment,The Migration Court of Appeal assessed whether the applicant had acted under duress and held that this was not the case as the applicant had benefitted from three permits and always came back to the place of employment. The applicant chose to flee...
0,89,3250_chunk001,11,4.385149240384235,Asylum Definition And Assessment,"Thus, the repealed provision, which states that the absence of proof of possession of the means to support oneself constitutes a threat to public order or safety and is a factor to be taken into account when assessing the duration of an entry ban of up..."
0,235,1086_chunk001,12,4.385149240384235,Asylum Definition And Assessment,"Specifically, the assessment consisted of an initial observation by two officers from the Aliens Police, Identification and Human Trafficking Department (AVIM) on 22 January 2018, recorded in an official report, and a subsequent..."
0,311,513_chunk001,13,4.385149240384235,Asylum Definition And Assessment,The Supreme Court narrowed the scope of their assessment to be that of whether the revocation violated their right to private life cf. the European Convention of Human Rights Article 8 and Paragraph 102 of the Norwegian...
0,395,20_chunk001,14,4.385149240384235,Asylum Definition And Assessment,"According to a medical opinion, treatment requires uninterrupted and controlled daily recurrence of medication and, in addition, a regular injection of medication, so that tuberculosis does not reactivate and become infectious. When assessing the issue, the Supreme..."
0,2,5443_chunk000,15,4.134471220586689,Asylum Definition And Assessment,The Constitutional Court dismissed a complaint against the decision of the Federal Administrative Court concerning detention of a Syrian applicant pending return. It found that the lower court correctly assessed that the detention pending return and its extension were lawful.
0,126,3231_chunk000,16,4.134471220586689,Asylum Definition And Assessment,"In January 2022, the Cassation Court of France ruled that a bone examination was insufficient to confirm the applicant's majority. The court specified that, for such examinations to be considered conclusive, they should be corroborated by civil status records and social assessments."
0,189,951_chunk001,17,4.134471220586689,Asylum Definition And Assessment,"The Regional Court had dismissed the administrative action for the following reasons:
- there are no individual circumstances which the applicant should reasonably assess a well founded fear of persecution. It has not been shown in the proceedings that the applicant had certain political views, nor has it been shown that the Taliban..."
0,234,1086_chunk000,18,3.982690309526741,Asylum Definition And Assessment,"A national of Ivory Coast applied for international protection on 22 January 2018, claiming that he was born on 2001 but did not submit documents to prove his date of birth. Following an age assessment, the State Secretary concluded that the applicant was not a minor."
0,271,989_chunk001,19,3.9109035593434243,Asylum Definition And Assessment,"The Council of State upheld the CNDA's decision and rejected OFPRA's appeal on the grounds that the Court's sovereign assessment on the applicant's inadequate understanding and mastery of the English language could not be denatured. In this case, the Office's inadmissibility decision on the grounds of late submission was..."
0,193,972_chunk001,20,3.841658857086875,Asylum Definition And Assessment,"Inter alia, the applicant challenged the incorrect legal assessment of the genuineness of his conversion, while mainly reprehending the non-application of the ‘benefit of doubt' principle, insufficient verification of his faith resulting from the fact that only one interview was carried out, during which the defendant failed to focus to a sufficient..."
0,156,920_chunk000,21,3.7748235267810446,Asylum Definition And Assessment,"Between 26 July and 1 October 2015, 5 Afghan nationals applied for international protection in Norway, claiming to be 15-16 years old. After further assessments, which also included medical age examinations, the immigration authorities considered that they were all older than 18 years."
0,505,656_chunk000,22,3.7102739674974634,Asylum Definition And Assessment,The case concerns an appeal against the decision of the Court of The Hague of 5 October 2016 in case no. 16/20135. The Administrative Jurisdiction Division of the Council of State clarified that the Immigration and Naturalisation Service (IND ) is required to assess in an individual manner whether the criteria for protection still exist.
0,570,137_chunk000,23,3.6478948904828914,Asylum Definition And Assessment,"In a case of a Somali applicant related to family reunification, the Supreme Court held that the trial judge was incorrect in forming the view that the potential financial consequences for the State of allowing a discretionary family reunification application cannot be taken into account in the overall assessment as to how the Minister's discretion under the 1996 Act should be exercised."
0,351,654_chunk000,24,3.4727383791045146,Asylum Definition And Assessment,"F.L., a Cameroonian national claiming to be a minor, applied for international protection in Belgium on 8 January 2018. On the same day, based on his physical appearance and statements, the Minors and Victims of Trafficking in Human Beings Unit of the Belgian Immigration Office expressed doubts as to his claimed minority and referred him for an immediate medical age assessment."
0,246,927_chunk000,25,3.12286277839165,Asylum Definition And Assessment,"In the Senate's conviction, a comprehensive assessment of the current state of knowledge now lacks sufficient evidence to suggest that Syrian retired military-age returnees (conscripts, reservists) who have evaded from military service due to flight abroad are likely to be linked to ( alleged) oppositional or anti-regime sentiments of Syrian security forces to fear persecution (change in the Senat"
0,140,2511_chunk000,26,3.078553944713447,Asylum Definition And Assessment,"The Federal Administrative Court allowed an appeal on points of law in order to clarify the  requirements for the assessment of a 'strong presumption' (European Union, Court of Justice of the European Union [CJEU], EZ v Bundesrepublik Deutschland (Federal Republic of Germany), C-238/19, ECLI:EU:C:2020:945, 19 November 2020 - paragraph 57) for a link between the refusal of military service..."
0,264,923_chunk000,27,1.9178286152679365,Asylum Definition And Assessment,An applicant must submit a request for protection with which he asserts target-country-related dangers that are objectively suitable in their nature for recognition as a person entitled to asylum or an award for international protection (material asylum request within the meaning of Section 13 (1) Asylum Act) refer the asylum procedure to the Federal Office.
0,117,3272_chunk001,28,1.904091911639368,Asylum Definition And Assessment,"The case concerned the accused monk B., who granted church asylum to A., from the Gaza strip, on 25 August 2020 and provided him accommodation and care with the knowledge that A. was a rejected asylum applicant.

A. applied for asylum on 22 April..."
0,346,562_chunk000,29,1.8474407646337994,Asylum Definition And Assessment,The case raises the issue of whether a subsequent application for asylum has been submitted at the time when the foreign national applies in writing by expressing the wish to submit an application for a temporary asylum residence permit or at the time when he/she uses the appropriate form to submit the application for asylum.
0,367,550_chunk000,30,1.8474407646337994,Asylum Definition And Assessment,"The case involved an asylum seeker upon whom detention was imposed as a measure to ensure a Dublin procedure. The asylum seeker lodged a complaint against a decision that had been issued based on Art. 5 of the Asylum Act 2005, rejecting the application as inadmissible."
0,348,563_chunk000,31,1.8221150827786152,Asylum Definition And Assessment,"The case concerns the moment at which an asylum application is lodged, in particular with regard to a subsequent asylum application. This moment is important for the entitlement to reception by the foreign national."
0,385,510_chunk000,32,1.7701703935039161,Asylum Definition And Assessment,"The Court of Sessions found there was no unlawful discrimination arising from a reduction in the amount of asylum support payable to asylum seekers with one or more dependent children, following a government review. ..."
0,491,56_chunk001,33,1.7701703935039161,Asylum Definition And Assessment,"The applicants claimed asylum in Ireland on 16 December 2014, and completed their asylum application questionnaires on 26 December 2014. An information request by the Office of the Refugee Applications..."
0,162,921_chunk001,34,1.7501396024977072,Asylum Definition And Assessment,"More analytically, a female asylum seeker had upon arrival to Norway..."
0,523,148_chunk000,35,1.7501396024977072,Asylum Definition And Assessment,The case concerns “sur place” asylum claims.
0,222,914_chunk000,36,1.7452930663575479,Asylum Definition And Assessment,A. applied for asylum in Sweden in April 2015. The application was rejected and the applicant excluded from asylum for having committed crimes against humanity while working as a guard in Eritrea. An expulsion order had also been issued.
0,476,186_chunk000,37,1.7436835137720603,Asylum Definition And Assessment,"According the WLR Daily case summaries The asylum claimant, an Iraqi national, entered the United Kingdom and claimed asylum. His claim was refused by the Secretary of State and he appealed pursuant to section 82 of the Nationality, Immigration and Asylum Act 2002. His appeal was dismissed by the First-tier Tribunal."
0,44,4235_chunk000,38,1.72751321435211,Asylum Definition And Assessment,"The case concerned two Iranian applicant, a father and his minor child, who entered the Röszke transit zone and applied for asylum on 5 December 2018. The asylum authority rejected the application as inadmissible and considered that Serbia was a safe third country where the applicants should have requested asylum. The decision was confirmed in court."
0,462,34_chunk000,39,1.72751321435211,Asylum Definition And Assessment,"On 14 September 2015, Mr Tsegezab Mengesteab, an Eritrean national, requested asylum in Munich (Germany) with the Government of Upper Bavaria, which issued to him, on the same day, a certificate of registration as an asylum seeker. On 22 July 2016, Mr Mengesteab was heard by the Bundesamt and was able to lodge an official application for asylum."
0,23,4828_chunk001,40,1.7021635774667276,Asylum Definition And Assessment,"On 1 August 2023, the Minister for Asylum and Migration declared..."
0,434,170_chunk000,41,1.7021635774667276,Asylum Definition And Assessment,Administrative Court Düsseldorf The plaintiff is an asylum seeker and claims to be from Bangladesh.
0,252,993_chunk000,42,1.656747675870009,Asylum Definition And Assessment,According to the national contribution to the EMN Report on Migration and Asylum 2019:
0,258,992_chunk000,43,1.656747675870009,Asylum Definition And Assessment,According to the national contribution to the EMN Report on Migration and Asylum 2019:
0,262,991_chunk000,44,1.656747675870009,Asylum Definition And Assessment,According to the national contribution to the EMN Report on Migration and Asylum 2019:
0,468,130_chunk000,45,1.6524039441628877,Asylum Definition And Assessment,The Council ruled that to be able to transfer an applicant to another member state the administrative authority must obtain the consent of the State responsible for examining the asylum application before it can take a decision to transfer the asylum seeker to that State.
0,502,209_chunk000,46,1.6524039441628877,Asylum Definition And Assessment,"In this case, the applicant applied for asylum in his city of residence, Ceuta, and his application was admitted. At that point the Spanish authorities issued him the corresponding identity document valid for the entire national territory and until the resolution of his asylum application."
0,472,196_chunk000,47,1.6307063162411402,Asylum Definition And Assessment,The applicant applied for asylum in two occasions: in the United Kingdom in 2009 and in Northern Ireland in 2014 and both applications were refused by the corresponding British Authorities. The applicant moved to Ireland in August 2016 where he submitted a new asylum application.
0,490,56_chunk000,48,1.6307063162411402,Asylum Definition And Assessment,The applicants were two Albanian asylum seekers who challenged the decision of the Refugee Appeals Tribunal upholding the decision of the Office of the Refugee Applications Commissioner that the United Kingdom was the member state responsible for determining their applications for asylum.
0,184,979_chunk000,49,1.6136923010963085,Asylum Definition And Assessment,According to the national contribution to the EMN Annual Report on Migration and Asylum 2019:
0,186,997_chunk000,50,1.6136923010963085,Asylum Definition And Assessment,According to the national contribution to the EMN Annual Report on Migration and Asylum 2019:
0,192,972_chunk000,51,1.6136923010963085,Asylum Definition And Assessment,According to the national contribution to the EMN Annual Report on Migration and Asylum 2019:
0,216,983_chunk000,52,1.6136923010963085,Asylum Definition And Assessment,According to the national contribution to the EMN Annual Report on Migration and Asylum 2019:
0,218,998_chunk000,53,1.6136923010963085,Asylum Definition And Assessment,According to the national contribution to the EMN Annual Report on Migration and Asylum 2019:
0,238,995_chunk000,54,1.6136923010963085,Asylum Definition And Assessment,According to the national contribution to the EMN Annual Report on Migration and Asylum 2019:
0,242,994_chunk000,55,1.6136923010963085,Asylum Definition And Assessment,According to the national contribution to the EMN Annual Report on Migration and Asylum 2019:
0,268,988_chunk000,56,1.6136923010963085,Asylum Definition And Assessment,According to the national contribution to the EMN Annual Report on Migration and Asylum 2019:
0,270,989_chunk000,57,1.6136923010963085,Asylum Definition And Assessment,According to the national contribution to the EMN Annual Report on Migration and Asylum 2019:
0,272,990_chunk000,58,1.6136923010963085,Asylum Definition And Assessment,According to the national contribution to the EMN Annual Report on Migration and Asylum 2019:
0,280,986_chunk000,59,1.6136923010963085,Asylum Definition And Assessment,According to the national contribution to the EMN Annual Report on Migration and Asylum 2019:
0,282,987_chunk000,60,1.6136923010963085,Asylum Definition And Assessment,According to the national contribution to the EMN Annual Report on Migration and Asylum 2019:
0,284,985_chunk000,61,1.6136923010963085,Asylum Definition And Assessment,According to the national contribution to the EMN Annual Report on Migration and Asylum 2019:
0,289,984_chunk000,62,1.6136923010963085,Asylum Definition And Assessment,According to the national contribution to the EMN Annual Report on Migration and Asylum 2019:
0,454,23_chunk000,63,1.6095711237955679,Asylum Definition And Assessment,"The Finnish Immigration Service had rejected A 's application for asylum and residence permit on the basis of the conflict between A and his father' s claims for asylum. Although the father's report has thus affected A's case, he or she has not been given the opportunity to give an explanation of the report and contradictions that it has in relation to his or her report."
0,577,183_chunk000,64,1.6095711237955679,Asylum Definition And Assessment,"These cases concern the detention of Syrian asylum seekers during different periods between 2010 and 2012. In the cases of M.A., A.H. and J.K., H.S. and Others and K.F. the detention occurred after a police operation in June 2010 removing them from an encampment outside government buildings where they were protesting against the Cypriot Government's asylum policy."
0,512,141_chunk001,65,1.5889767778626451,Asylum Definition And Assessment,"Second, the High Court concurred with the SSHD that confidentiality is a vital element for the working of the asylum system and the fulfilment of obligations under the Refugee Convention, the EU Qualification Directive and the European Convention on Human Rights (ECHR). The disclosure of information revealed during the asylum..."
0,286,954_chunk000,66,1.5728180793640756,Asylum Definition And Assessment,The applicants were an Albanian mother and her two daughters whose applications for asylum were refused by the Refugee Applications Commissioner.
0,567,625_chunk001,67,1.5728180793640756,Asylum Definition And Assessment,No appeal is possible against these judgments. Background: Both aliens initially applied for asylum in Hungary. They then applied for...
0,432,22_chunk000,68,1.5689027804370126,Asylum Definition And Assessment,"The Finnish Immigration Service had rejected asylum seeker A's application for asylum and residence permit and decided to return him to his country of origin, Iraq. On 29 June 2017 A. requested permission to appeal the decision of the Administrative Court and to be granted international protection."
0,442,45_chunk000,69,1.5689027804370126,Asylum Definition And Assessment,The administrative authority considered applicant's another subsequent application (third application) for international protection inadmissible and terminated the proceedings according to the provisions of the Act on Asylum implementing Art. 33(2)(d) and Art. 40 of the Recast Asylum Procedures Directive.
0,484,35_chunk000,70,1.5689027804370126,Asylum Definition And Assessment,"! With regard to reception, UK implements Council Directive 2003/9/EC. This case concerns a challenge to a decision by the Secretary of State for the Home Department (""the Respondent"") as to the weekly rate of asylum support paid for child dependants of asylum seekers."
0,6,5890_chunk000,71,1.5493296564192718,Asylum Definition And Assessment,"Six Iraqi nationals, a family of two parents and their four minor children, entered the Hungarian transit zone bordering Serbia on 10 July 2018 and submitted an asylum application. On the same day, the asylum authority designated the transit zone in Tompa as the applicants' place of stay."
0,73,3963_chunk001,72,1.5339633618091175,Asylum Definition And Assessment,"He left Iran for Turkey in 2015 (where he applied for asylum) and from there he travelled to Czechia in 2019. In support of his request, the..."
0,101,3137_chunk001,73,1.5339633618091175,Asylum Definition And Assessment,"He requested an interpreter, but the form was left blank on the part of lawyer assistance.

The application for asylum was rejected as..."
0,241,931_chunk001,74,1.5339633618091175,Asylum Definition And Assessment,The appellant had been granted subsidiary protection status in Denmark in 2015. The individual's family was granted asylum in...
0,393,108_chunk001,75,1.5339633618091175,Asylum Definition And Assessment,The applicant subsequently lodged a request for his asylum application to be reconsidered followed by an application for temporary admission on...
0,539,55_chunk001,76,1.5339633618091175,Asylum Definition And Assessment,As part of her asylum claim the applicant submitted a refugee card and a letter from AREF to corroborate her account. The...
0,56,4164_chunk000,77,1.5302388905949904,Asylum Definition And Assessment,"VR arrived in Lithuania on 25 April 2022, with the assistance of Freedom House Foundation. He requested asylum in Lithuania after his visa for special humanitarian reasons had expired. In his asylum request, the applicant argued that he had a well-founded fear of being persecuted for his political beliefs."
0,297,584_chunk000,78,1.5302388905949904,Asylum Definition And Assessment,"The applicant sought judicial review of the decision to refuse him asylum in Ireland, which he had applied for on the basis of fear of persecution due to issues with the Taliban and Lashkar-e-Islam. The applicant had tactically not applied for asylum in another Member State, which was a factor the decision maker was permitted to take into consideration."
0,77,3276_chunk001,79,1.4969820878950297,Asylum Definition And Assessment,The court noted that Romania was already unprepared to accommodate asylum applicants before the Ukrainian crisis and that with the high influx of persons...
0,119,3277_chunk001,80,1.4969820878950297,Asylum Definition And Assessment,"When the asylum procedure starts, applicants are usually assigned a lawyer through the Legal Aid Board. The applicant claimed that he received the contested..."
0,169,970_chunk000,81,1.4969820878950297,Asylum Definition And Assessment,According to the national contribution to the EMN Annual Report on Migration and Asylum 2019 (information provided by the MO MoI SR):
0,180,974_chunk000,82,1.4969820878950297,Asylum Definition And Assessment,According to the national contribution to the EMN Annual Report on Migration and Asylum 2019 (information provided by the MO MoI SR):
0,182,976_chunk000,83,1.4969820878950297,Asylum Definition And Assessment,According to the national contribution to the EMN Annual Report on Migration and Asylum 2019 (information provided by the MO MoI of SR):
0,197,961_chunk000,84,1.4969820878950297,Asylum Definition And Assessment,According to the national contribution to the EMN Annual Report on Migration and Asylum 2019 (information provided by MO MoI SR):
0,207,978_chunk000,85,1.4969820878950297,Asylum Definition And Assessment,According to the national contribution to the EMN Annual Report on Migration and Asylum 2019 (information provided by the MO MoI of SR):
0,211,967_chunk000,86,1.4969820878950297,Asylum Definition And Assessment,According to the national contribution to the EMN Annual Report on Migration and Asylum 2019 (information provided by MO MoI SR):
0,220,964_chunk000,87,1.4969820878950297,Asylum Definition And Assessment,According to the national contribution to the EMN Annual Report on Migration and Asylum 2019 (information provided by MO MoI SR):
0,347,562_chunk001,88,1.4969820878950297,Asylum Definition And Assessment,"This moment is important for the commencement date of the temporary asylum residence permit granted to the foreign national.

By decision..."
0,388,643_chunk000,89,1.4969820878950297,Asylum Definition And Assessment,As per the published press release: The Council of State validates the criteria to be met by a new asylum application to be admissible.
0,446,4705_chunk000,90,1.4969820878950297,Asylum Definition And Assessment,"Judgment concerning the freedom of movement of asylum seekers in Ceuta and Melilla, although his application for international protection was admitted for examination.

..."
0,314,577_chunk000,91,1.493434825798304,Asylum Definition And Assessment,"This case concerns the validity of asylum application in accordance with § 29 para. 1 no. 5 i. V. m. Section 71a (1) Asylum Act, in accordance with Section 31 (3) Sentence 1 AsylG. It also refers to the examination of a prohibition on removal according to § 60 Abs. 5 AufenthG i. V. m."
0,150,1647_chunk001,92,1.4617419506056315,Asylum Definition And Assessment,"On 18 March 2020, the Federal Office for Foreign Affairs and Asylum conducted the interview remotely, by video-conference..."
0,152,1648_chunk001,93,1.4617419506056315,Asylum Definition And Assessment,"On 17 November 2011, the Federal Asylum Office rejected again the application, after having found also that the applicant was from Nigeria and ordered the return...."
0,366,512_chunk001,94,1.4617419506056315,Asylum Definition And Assessment,"An asylum seeker from Afghanistan had been expelled and issued with a five year entry ban to Norway in 2012, due to not leaving the country..."
0,516,127_chunk000,95,1.4617419506056315,Asylum Definition And Assessment,The Administrative Court of Nice has ordered the Prefecture of Alpes-Maritimes to register asylum applications of persons entering via Italy....
0,240,931_chunk000,96,1.4583595447352078,Asylum Definition And Assessment,"Pursuant to Art. 4a of the Asylum Act 2005, an application for international protection is to be rejected as inadmissible where the foreign person has been granted asylum or subsidiary protection status in another EEA Member State or Switzerland. In the specific case, the appellant, a Syrian citizen, filed an application for international protection in April 2018."
0,438,88_chunk000,97,1.4583595447352078,Asylum Definition And Assessment,"The Court of Appeal confirmed that the First-tier Tribunal had been entitled to refuse an asylum seeker's appeal against the refusal of her claims for asylum and humanitarian protection. She had failed to establish a well-founded fear of persecution if returned to Iran on the basis of her political activities, conversion to Christianity, and the risk of domestic violence from her husband..."
0,435,170_chunk001,98,1.441432574832544,Asylum Definition And Assessment,"The Court ruled that with the rules on distribution and allocation (§§ 50, 51 AsylG), the law takes into account the regularly particularly important public interest , the burden associated with the reception of asylum seekers in terms of accommodation, food and supervision, evenly on the Federal states and municipalities (see § 45 AsylG). In that regard, an asylum seeker - such as the..."
0,34,4231_chunk000,99,1.428122814833851,Asylum Definition And Assessment,"The case concerned the question whether the State Secretary had correctly established the date from which the applicant benefits of asylum, how to establish the date of application."
1,215,940_chunk001,0,6.989043202459388,Credibility Assessment Definition,The Minister for Migration considers it credible that the third-country national has become politically active in the Netherlands and stands up for the rights of Ahwazi in Iran....
1,25,4729_chunk001,1,6.141534819018082,Credibility Assessment Definition,"By decision of 23 December 2021, his request was rejected as unfounded on the ground that his statements lacked credibility and was ordered to leave the territory within 30 days. He appealed the decision, and the appeal was dismissed..."
1,291,582_chunk000,2,6.141534819018082,Credibility Assessment Definition,The High Court refused an application for judicial review by the applicant of a decision refusing him subsidiary protection. The national decision maker did not find the applicant's assertions that he was “not mentally ok” to be credible.
1,403,151_chunk001,3,5.8518503976171425,Credibility Assessment Definition,"None of them possessed documentary evidence supporting their claimed ages and were referred for medical age assessments consisting of an X-ray of the left hand and wrist and a dental X-ray (Liversidge and Haavikko methods).

Following the assessments, in..."
1,411,57_chunk001,4,5.682178307913178,Credibility Assessment Definition,The Refugee Appeals Tribunal made adverse credibility findings based on matters that had not been put to the applicant and concluded that cumulatively the applicant had not proved that she was a refugee. The applicant challenged the decision by way of judicial review. The High Court...
1,423,201_chunk001,5,5.638717731268793,Credibility Assessment Definition,"It was submitted on behalf of the applicant that a family could be a social group, and that the Tribunal had failed to assess whether..."
1,1,5442_chunk001,6,5.495891122579657,Credibility Assessment Definition,The Constitutional Court considered that the Federal Administrative Court duly assessed both the security and supply...
1,99,3240_chunk001,7,5.477339325724932,Credibility Assessment Definition,"- the State Secretariat for Migration (SEM) and the Federal Administrative Court (TAF), in both first and second instance procedures, have based their decisions to reject the application for international protection on claims that the applicant's testimony lacked credibility and that the authenticity of the documents he presented was..."
1,392,108_chunk000,8,5.2867551033093365,Credibility Assessment Definition,According the ECHR's Information Note 213 (December 2017): The applicant entered Switzerland in 2009 and applied for asylum on the grounds that he had been imprisoned and tortured in his country of origin (Iran) after taking part in a demonstration there. His application was rejected after the Swiss authorities found that his account was not credible.
1,312,366_chunk000,9,5.196351483236044,Credibility Assessment Definition,"In this case the applicant (Nigeria) arrived to Ireland in October 2016. He claimed to be bisexual and that he was the subject of an attempt to force him to join a cult in Nigeria. On May 2017, the International Protection Office informed him the refusal of his application for protection on the ground of lack of credibility. He appealed the decision."
1,39,4036_chunk001,10,5.107758306722866,Credibility Assessment Definition,The Supreme Administrative Corut had to determine whether the administrative court could have assessed the application of the exclusion clause in the case without holding an oral...
1,127,3231_chunk001,11,5.107758306722866,Credibility Assessment Definition,"Finally, it stated that if bone examinations contravene such records and assessments, creating a doubt concerning the applicant's minority, then the applicant should be given the..."
1,447,129_chunk000,12,4.990283112190747,Credibility Assessment Definition,"In the absence of legally binding criteria to assess risk of absconding, applicants may not be detained while waiting for a transfer under the Dublin Regulation.

..."
1,473,196_chunk001,13,4.5698669695353855,Credibility Assessment Definition,"Based on Chapter III of the Dublin III Regulation, the Office of the Refugee Applications Commissioner determined that the United Kingdom was responsible to assess applicant's applications. At this point, the..."
1,3,5443_chunk001,14,4.475602991743769,Credibility Assessment Definition,"It noted also that the lower court duly considered the admissibility of the removal on basis of current country of origin reports on Syria, by assessing both the security and supply situation in Syria as well as the..."
1,223,914_chunk001,15,4.475602991743769,Credibility Assessment Definition,The Migration Court of Appeal assessed whether the applicant had acted under duress and held that this was not the case as the applicant had benefitted from three permits and always came back to the place of employment. The applicant chose to flee...
1,563,52_chunk000,16,4.437532517797776,Credibility Assessment Definition,"On 13 April 2010, Ms. Danqua, a Ghanaian national, applied for refugee status in Ireland arguing that she feared trokosi practices, a form of ritual servitude practised in Ghana predominantly affecting women. In a report dated 16 June 2010, the Refugee Applications Commissioner (Ireland) issued a negative recommendation in respect of that application because of its lack of credibility."
1,89,3250_chunk001,17,4.385149240384235,Credibility Assessment Definition,"Thus, the repealed provision, which states that the absence of proof of possession of the means to support oneself constitutes a threat to public order or safety and is a factor to be taken into account when assessing the duration of an entry ban of up..."
1,235,1086_chunk001,18,4.385149240384235,Credibility Assessment Definition,"Specifically, the assessment consisted of an initial observation by two officers from the Aliens Police, Identification and Human Trafficking Department (AVIM) on 22 January 2018, recorded in an official report, and a subsequent..."
1,311,513_chunk001,19,4.385149240384235,Credibility Assessment Definition,The Supreme Court narrowed the scope of their assessment to be that of whether the revocation violated their right to private life cf. the European Convention of Human Rights Article 8 and Paragraph 102 of the Norwegian...
1,395,20_chunk001,20,4.385149240384235,Credibility Assessment Definition,"According to a medical opinion, treatment requires uninterrupted and controlled daily recurrence of medication and, in addition, a regular injection of medication, so that tuberculosis does not reactivate and become infectious. When assessing the issue, the Supreme..."
1,74,3968_chunk000,21,4.214784243017284,Credibility Assessment Definition,The case concerned an applicant from Pakistan who applied unsuccessfully for asylum in 2012 and return was ordered. He applied for reconsideration which was assessed as subsequent application which was rejected and again an expulsion order was adopted. An appeal was again rejected.
1,2,5443_chunk000,22,4.134471220586689,Credibility Assessment Definition,The Constitutional Court dismissed a complaint against the decision of the Federal Administrative Court concerning detention of a Syrian applicant pending return. It found that the lower court correctly assessed that the detention pending return and its extension were lawful.
1,126,3231_chunk000,23,4.134471220586689,Credibility Assessment Definition,"In January 2022, the Cassation Court of France ruled that a bone examination was insufficient to confirm the applicant's majority. The court specified that, for such examinations to be considered conclusive, they should be corroborated by civil status records and social assessments."
1,189,951_chunk001,24,4.134471220586689,Credibility Assessment Definition,"The Regional Court had dismissed the administrative action for the following reasons:
- there are no individual circumstances which the applicant should reasonably assess a well founded fear of persecution. It has not been shown in the proceedings that the applicant had certain political views, nor has it been shown that the Taliban..."
1,234,1086_chunk000,25,3.982690309526741,Credibility Assessment Definition,"A national of Ivory Coast applied for international protection on 22 January 2018, claiming that he was born on 2001 but did not submit documents to prove his date of birth. Following an age assessment, the State Secretary concluded that the applicant was not a minor."
1,271,989_chunk001,26,3.9109035593434243,Credibility Assessment Definition,"The Council of State upheld the CNDA's decision and rejected OFPRA's appeal on the grounds that the Court's sovereign assessment on the applicant's inadequate understanding and mastery of the English language could not be denatured. In this case, the Office's inadmissibility decision on the grounds of late submission was..."
1,193,972_chunk001,27,3.841658857086875,Credibility Assessment Definition,"Inter alia, the applicant challenged the incorrect legal assessment of the genuineness of his conversion, while mainly reprehending the non-application of the ‘benefit of doubt' principle, insufficient verification of his faith resulting from the fact that only one interview was carried out, during which the defendant failed to focus to a sufficient..."
1,156,920_chunk000,28,3.7748235267810446,Credibility Assessment Definition,"Between 26 July and 1 October 2015, 5 Afghan nationals applied for international protection in Norway, claiming to be 15-16 years old. After further assessments, which also included medical age examinations, the immigration authorities considered that they were all older than 18 years."
1,505,656_chunk000,29,3.7102739674974634,Credibility Assessment Definition,The case concerns an appeal against the decision of the Court of The Hague of 5 October 2016 in case no. 16/20135. The Administrative Jurisdiction Division of the Council of State clarified that the Immigration and Naturalisation Service (IND ) is required to assess in an individual manner whether the criteria for protection still exist.
1,570,137_chunk000,30,3.6478948904828914,Credibility Assessment Definition,"In a case of a Somali applicant related to family reunification, the Supreme Court held that the trial judge was incorrect in forming the view that the potential financial consequences for the State of allowing a discretionary family reunification application cannot be taken into account in the overall assessment as to how the Minister's discretion under the 1996 Act should be exercised."
1,151,1648_chunk000,31,3.529224533049788,Credibility Assessment Definition,"The applicant applied for international protection on 13 January 2010, claiming to be a minor from Zimbabwe and by decision of 29 September 2010 the Federal Office for Asylum rejected the application as unfounded. Upon appeal, the Court of Asylum referred the matter back to the Federal Asylum Office for a new hearing and assessment."
1,351,654_chunk000,32,3.4727383791045146,Credibility Assessment Definition,"F.L., a Cameroonian national claiming to be a minor, applied for international protection in Belgium on 8 January 2018. On the same day, based on his physical appearance and statements, the Minors and Victims of Trafficking in Human Beings Unit of the Belgian Immigration Office expressed doubts as to his claimed minority and referred him for an immediate medical age assessment."
1,246,927_chunk000,33,3.12286277839165,Credibility Assessment Definition,"In the Senate's conviction, a comprehensive assessment of the current state of knowledge now lacks sufficient evidence to suggest that Syrian retired military-age returnees (conscripts, reservists) who have evaded from military service due to flight abroad are likely to be linked to ( alleged) oppositional or anti-regime sentiments of Syrian security forces to fear persecution (change in the Senat"
1,140,2511_chunk000,34,3.078553944713447,Credibility Assessment Definition,"The Federal Administrative Court allowed an appeal on points of law in order to clarify the  requirements for the assessment of a 'strong presumption' (European Union, Court of Justice of the European Union [CJEU], EZ v Bundesrepublik Deutschland (Federal Republic of Germany), C-238/19, ECLI:EU:C:2020:945, 19 November 2020 - paragraph 57) for a link between the refusal of military service..."
2,55,3964_chunk001,0,9.847671319744592,Credibility Assessment   Interpretation,During the interview it was noted that the interpreter had to explain the questions multiple times and that even the interpreter admitted that his interpretation was not always accurate. Although the...
2,54,3964_chunk000,1,7.598849147964421,Credibility Assessment   Interpretation,"The case concerned a family from Azerbaijan who unsuccessfully applied for international protection. In their subsequent application, they requested interpretation in Turkish language because of concerns that Azerbaijan interpreters may be in contact with the domestic authorities."
2,375,636_chunk001,2,7.517450999225849,Credibility Assessment   Interpretation,A different interpretation may also lead to a situation which constitutes a violation of Article 1 of the...
2,215,940_chunk001,3,6.989043202459388,Credibility Assessment   Interpretation,The Minister for Migration considers it credible that the third-country national has become politically active in the Netherlands and stands up for the rights of Ahwazi in Iran....
2,101,3137_chunk001,4,6.960320255739759,Credibility Assessment   Interpretation,"He requested an interpreter, but the form was left blank on the part of lawyer assistance.

The application for asylum was rejected as..."
2,25,4729_chunk001,5,6.141534819018082,Credibility Assessment   Interpretation,"By decision of 23 December 2021, his request was rejected as unfounded on the ground that his statements lacked credibility and was ordered to leave the territory within 30 days. He appealed the decision, and the appeal was dismissed..."
2,291,582_chunk000,6,6.141534819018082,Credibility Assessment   Interpretation,The High Court refused an application for judicial review by the applicant of a decision refusing him subsidiary protection. The national decision maker did not find the applicant's assertions that he was “not mentally ok” to be credible.
2,403,151_chunk001,7,5.8518503976171425,Credibility Assessment   Interpretation,"None of them possessed documentary evidence supporting their claimed ages and were referred for medical age assessments consisting of an X-ray of the left hand and wrist and a dental X-ray (Liversidge and Haavikko methods).

Following the assessments, in..."
2,411,57_chunk001,8,5.682178307913178,Credibility Assessment   Interpretation,The Refugee Appeals Tribunal made adverse credibility findings based on matters that had not been put to the applicant and concluded that cumulatively the applicant had not proved that she was a refugee. The applicant challenged the decision by way of judicial review. The High Court...
2,423,201_chunk001,9,5.638717731268793,Credibility Assessment   Interpretation,"It was submitted on behalf of the applicant that a family could be a social group, and that the Tribunal had failed to assess whether..."
2,1,5442_chunk001,10,5.495891122579657,Credibility Assessment   Interpretation,The Constitutional Court considered that the Federal Administrative Court duly assessed both the security and supply...
2,99,3240_chunk001,11,5.477339325724932,Credibility Assessment   Interpretation,"- the State Secretariat for Migration (SEM) and the Federal Administrative Court (TAF), in both first and second instance procedures, have based their decisions to reject the application for international protection on claims that the applicant's testimony lacked credibility and that the authenticity of the documents he presented was..."
2,541,37_chunk000,12,5.473056807287362,Credibility Assessment   Interpretation,"This request for a preliminary ruling concerns the interpretation of Articles 3(2) and 17(1) of the Dublin III Regulation, Article 267 TFEU and Article 4 of the EU Charter of Fundamental Rights."
2,392,108_chunk000,13,5.2867551033093365,Credibility Assessment   Interpretation,According the ECHR's Information Note 213 (December 2017): The applicant entered Switzerland in 2009 and applied for asylum on the grounds that he had been imprisoned and tortured in his country of origin (Iran) after taking part in a demonstration there. His application was rejected after the Swiss authorities found that his account was not credible.
2,312,366_chunk000,14,5.196351483236044,Credibility Assessment   Interpretation,"In this case the applicant (Nigeria) arrived to Ireland in October 2016. He claimed to be bisexual and that he was the subject of an attempt to force him to join a cult in Nigeria. On May 2017, the International Protection Office informed him the refusal of his application for protection on the ground of lack of credibility. He appealed the decision."
2,39,4036_chunk001,15,5.107758306722866,Credibility Assessment   Interpretation,The Supreme Administrative Corut had to determine whether the administrative court could have assessed the application of the exclusion clause in the case without holding an oral...
2,127,3231_chunk001,16,5.107758306722866,Credibility Assessment   Interpretation,"Finally, it stated that if bone examinations contravene such records and assessments, creating a doubt concerning the applicant's minority, then the applicant should be given the..."
2,371,668_chunk000,17,5.078456242112586,Credibility Assessment   Interpretation,"The Council of State rules on personal interview realised on ones native language. The CNDA decision is annulled as in the contested decision the Court failed to answer the plea regarding the absence of Chechen interpretation in the asylum interview and consequently, the impossibility of the applicant to be understood.

..."
2,447,129_chunk000,18,4.990283112190747,Credibility Assessment   Interpretation,"In the absence of legally binding criteria to assess risk of absconding, applicants may not be detained while waiting for a transfer under the Dublin Regulation.

..."
2,329,606_chunk000,19,4.988539376336679,Credibility Assessment   Interpretation,"1. This request for a preliminary ruling concerns the interpretation of Article 46 of Directive 2013/32/EU of the European Parliament and of the Council of 26 June 2013 on common procedures for granting and withdrawing international protection (OJ 2013 L 180, p."
2,175,936_chunk000,20,4.8179311262149,Credibility Assessment   Interpretation,"This is linked to Joined Cases C‑582/17 and C‑583/17

By order for reference of 27 September 2017, the Division asked the Court of Justice to give a preliminary ruling on the question asked about the interpretation of the Dublin Regulation (OJ 2013, L180). The Division thereby suspended..."
2,527,121_chunk001,21,4.8179311262149,Credibility Assessment   Interpretation,"Her brother was given refugee status and his family (spouse and children) the extension of the protection given to him (extension of the refugee status), while his sister was rejected based on the fact that the dependency criteria were not met according to art. 40.1.d. The National High Court interprets the dependency criteria and..."
2,473,196_chunk001,22,4.5698669695353855,Credibility Assessment   Interpretation,"Based on Chapter III of the Dublin III Regulation, the Office of the Refugee Applications Commissioner determined that the United Kingdom was responsible to assess applicant's applications. At this point, the..."
2,3,5443_chunk001,23,4.475602991743769,Credibility Assessment   Interpretation,"It noted also that the lower court duly considered the admissibility of the removal on basis of current country of origin reports on Syria, by assessing both the security and supply situation in Syria as well as the..."
2,223,914_chunk001,24,4.475602991743769,Credibility Assessment   Interpretation,The Migration Court of Appeal assessed whether the applicant had acted under duress and held that this was not the case as the applicant had benefitted from three permits and always came back to the place of employment. The applicant chose to flee...
2,563,52_chunk000,25,4.437532517797776,Credibility Assessment   Interpretation,"On 13 April 2010, Ms. Danqua, a Ghanaian national, applied for refugee status in Ireland arguing that she feared trokosi practices, a form of ritual servitude practised in Ghana predominantly affecting women. In a report dated 16 June 2010, the Refugee Applications Commissioner (Ireland) issued a negative recommendation in respect of that application because of its lack of credibility."
2,89,3250_chunk001,26,4.385149240384235,Credibility Assessment   Interpretation,"Thus, the repealed provision, which states that the absence of proof of possession of the means to support oneself constitutes a threat to public order or safety and is a factor to be taken into account when assessing the duration of an entry ban of up..."
2,235,1086_chunk001,27,4.385149240384235,Credibility Assessment   Interpretation,"Specifically, the assessment consisted of an initial observation by two officers from the Aliens Police, Identification and Human Trafficking Department (AVIM) on 22 January 2018, recorded in an official report, and a subsequent..."
2,311,513_chunk001,28,4.385149240384235,Credibility Assessment   Interpretation,The Supreme Court narrowed the scope of their assessment to be that of whether the revocation violated their right to private life cf. the European Convention of Human Rights Article 8 and Paragraph 102 of the Norwegian...
2,395,20_chunk001,29,4.385149240384235,Credibility Assessment   Interpretation,"According to a medical opinion, treatment requires uninterrupted and controlled daily recurrence of medication and, in addition, a regular injection of medication, so that tuberculosis does not reactivate and become infectious. When assessing the issue, the Supreme..."
2,74,3968_chunk000,30,4.214784243017284,Credibility Assessment   Interpretation,The case concerned an applicant from Pakistan who applied unsuccessfully for asylum in 2012 and return was ordered. He applied for reconsideration which was assessed as subsequent application which was rejected and again an expulsion order was adopted. An appeal was again rejected.
2,2,5443_chunk000,31,4.134471220586689,Credibility Assessment   Interpretation,The Constitutional Court dismissed a complaint against the decision of the Federal Administrative Court concerning detention of a Syrian applicant pending return. It found that the lower court correctly assessed that the detention pending return and its extension were lawful.
2,126,3231_chunk000,32,4.134471220586689,Credibility Assessment   Interpretation,"In January 2022, the Cassation Court of France ruled that a bone examination was insufficient to confirm the applicant's majority. The court specified that, for such examinations to be considered conclusive, they should be corroborated by civil status records and social assessments."
2,189,951_chunk001,33,4.134471220586689,Credibility Assessment   Interpretation,"The Regional Court had dismissed the administrative action for the following reasons:
- there are no individual circumstances which the applicant should reasonably assess a well founded fear of persecution. It has not been shown in the proceedings that the applicant had certain political views, nor has it been shown that the Taliban..."
2,323,505_chunk001,34,4.055155472268062,Credibility Assessment   Interpretation,"This request for a preliminary ruling concerns the interpretation of Article 4(2) and (5)(b), Article 9(1) and (2) and Article 10(1) and (2) of Directive 2011/95/EU of the European Parliament and of the Council of 13 December 2011 on standards for the qualification of third-country nationals or stateless persons as beneficiaries of international protection, for a uniform status for refugees or for"
2,532,86_chunk000,35,3.9976187752978163,Credibility Assessment   Interpretation,"According the Court's Press Release, Article 1 of Regulation (EC) No 810/2009 of the European Parliament and of the Council of 13 July 2009 establishing a Community Code on Visas (Visa Code), as amended by Regulation (EU) No 610/2013 of the European Parliament and of the Council of 26 June 2013, must be interpreted as meaning that an application for a visa with limited territorial validity made on"
2,234,1086_chunk000,36,3.982690309526741,Credibility Assessment   Interpretation,"A national of Ivory Coast applied for international protection on 22 January 2018, claiming that he was born on 2001 but did not submit documents to prove his date of birth. Following an age assessment, the State Secretary concluded that the applicant was not a minor."
2,271,989_chunk001,37,3.9109035593434243,Credibility Assessment   Interpretation,"The Council of State upheld the CNDA's decision and rejected OFPRA's appeal on the grounds that the Court's sovereign assessment on the applicant's inadequate understanding and mastery of the English language could not be denatured. In this case, the Office's inadmissibility decision on the grounds of late submission was..."
2,193,972_chunk001,38,3.841658857086875,Credibility Assessment   Interpretation,"Inter alia, the applicant challenged the incorrect legal assessment of the genuineness of his conversion, while mainly reprehending the non-application of the ‘benefit of doubt' principle, insufficient verification of his faith resulting from the fact that only one interview was carried out, during which the defendant failed to focus to a sufficient..."
2,156,920_chunk000,39,3.7748235267810446,Credibility Assessment   Interpretation,"Between 26 July and 1 October 2015, 5 Afghan nationals applied for international protection in Norway, claiming to be 15-16 years old. After further assessments, which also included medical age examinations, the immigration authorities considered that they were all older than 18 years."
2,505,656_chunk000,40,3.7102739674974634,Credibility Assessment   Interpretation,The case concerns an appeal against the decision of the Court of The Hague of 5 October 2016 in case no. 16/20135. The Administrative Jurisdiction Division of the Council of State clarified that the Immigration and Naturalisation Service (IND ) is required to assess in an individual manner whether the criteria for protection still exist.
2,570,137_chunk000,41,3.6478948904828914,Credibility Assessment   Interpretation,"In a case of a Somali applicant related to family reunification, the Supreme Court held that the trial judge was incorrect in forming the view that the potential financial consequences for the State of allowing a discretionary family reunification application cannot be taken into account in the overall assessment as to how the Minister's discretion under the 1996 Act should be exercised."
2,151,1648_chunk000,42,3.529224533049788,Credibility Assessment   Interpretation,"The applicant applied for international protection on 13 January 2010, claiming to be a minor from Zimbabwe and by decision of 29 September 2010 the Federal Office for Asylum rejected the application as unfounded. Upon appeal, the Court of Asylum referred the matter back to the Federal Asylum Office for a new hearing and assessment."
2,351,654_chunk000,43,3.4727383791045146,Credibility Assessment   Interpretation,"F.L., a Cameroonian national claiming to be a minor, applied for international protection in Belgium on 8 January 2018. On the same day, based on his physical appearance and statements, the Minors and Victims of Trafficking in Human Beings Unit of the Belgian Immigration Office expressed doubts as to his claimed minority and referred him for an immediate medical age assessment."
2,246,927_chunk000,44,3.12286277839165,Credibility Assessment   Interpretation,"In the Senate's conviction, a comprehensive assessment of the current state of knowledge now lacks sufficient evidence to suggest that Syrian retired military-age returnees (conscripts, reservists) who have evaded from military service due to flight abroad are likely to be linked to ( alleged) oppositional or anti-regime sentiments of Syrian security forces to fear persecution (change in the Senat"
2,140,2511_chunk000,45,3.078553944713447,Credibility Assessment   Interpretation,"The Federal Administrative Court allowed an appeal on points of law in order to clarify the  requirements for the assessment of a 'strong presumption' (European Union, Court of Justice of the European Union [CJEU], EZ v Bundesrepublik Deutschland (Federal Republic of Germany), C-238/19, ECLI:EU:C:2020:945, 19 November 2020 - paragraph 57) for a link between the refusal of military service..."
3,324,505_chunk002,0,8.801220137266453,Subsidiary Protection Definition," persons eligible for subsidiary protection, and for the content of the protection..."
3,167,981_chunk000,1,7.351224599011113,Subsidiary Protection Definition,The applicant is a Palestinian stateless from the Gaza strip and applied for international protection in Belgium. His application was rejected but he was granted subsidiary protection.
3,241,931_chunk001,2,7.289375866598948,Subsidiary Protection Definition,The appellant had been granted subsidiary protection status in Denmark in 2015. The individual's family was granted asylum in...
3,547,43_chunk000,3,7.271677223163239,Subsidiary Protection Definition,"The applicant from Belarus had been granted subsidiary protection for 12 months. The subsidiary protection was then once prolonged for another 24 months upon applicant's request. However, the second request was dismissed because of applicant's criminal activity. The administrative authority found out that he had been sentenced seven times for less serious criminal offences (mostly thefts)."
3,145,1573_chunk000,4,7.183166588483675,Subsidiary Protection Definition,"The applicants, nationals of Syria, are members of a family who arrived in Spain through the resettlement programme 2015 for refugees. By decisions of 4 October 2017 of the Deputy Secretary of the Interior, they were granted subsidiary protection. They appealed that decision arguing that they should be granted refugee status and not subsidiary protection."
3,400,117_chunk000,5,6.946180569380421,Subsidiary Protection Definition,Syrian refugee family resettled from Lebanon were granted subsidiary protection. This decision was appealed before the National High Court.
3,114,3239_chunk000,6,6.743019976188499,Subsidiary Protection Definition,"The applicant was refused refugee protection and granted subsidiary protection by national authorities. He appealed against this decision before the Municipal Court, requesting the annulment of the part of the decision rejecting his request for refugee protection."
3,278,956_chunk000,7,6.34839563756525,Subsidiary Protection Definition,The applicant was a national of Afghanistan who was granted subsidiary protection in Ireland in 2016. He subsequently applied for family reunification for his wife whom he married in 2017.
3,553,218_chunk001,8,6.34839563756525,Subsidiary Protection Definition,"By decision dated 5th November 2013 the Minister for Justice and Equality refused to entertain this belated application for subsidiary protection, contending that she had not made the application within..."
3,363,585_chunk000,9,6.214687391660559,Subsidiary Protection Definition,The applicant (Venezuela) had applied for subsidiary protection on the basis that he would be at risk due to his activism and his membership of a politic party; that application was refused. The court held that in the context of art.
3,236,953_chunk000,10,6.086495223666468,Subsidiary Protection Definition,"This case concerned whether, for the purposes of an application for family reunification by a beneficiary of subsidiary protection, “child” could include a non-biological child for whom the applicant had acted in loco parentis."
3,291,582_chunk000,11,5.963484687068803,Subsidiary Protection Definition,The High Court refused an application for judicial review by the applicant of a decision refusing him subsidiary protection. The national decision maker did not find the applicant's assertions that he was “not mentally ok” to be credible.
3,31,4709_chunk001,12,5.731800655963556,Subsidiary Protection Definition,"By decision of 16 August 2017, the Federal Office for Migration and Refugees (BAMF) granted subsidiary protection to the applicant, and also to his wife and their four children, noting the serious risks posed by the civil war throughout all regions of Syria. However, it..."
3,531,204_chunk001,13,5.731800655963556,Subsidiary Protection Definition,"The Tribunal, applying reg.8(11)(b) of the European Union (Subsidiary Protection) Regulations 2013, decided it was in the interests of justice to hold an oral hearing (the Tribunal wished to raise in person with the applicant..."
3,549,136_chunk000,14,5.731800655963556,Subsidiary Protection Definition,"The applicant was a Ghanaian national who applied for refugee status in 2010, which was refused following a decision of the Refugee Appeal Tribunal in January 2011. She applied for subsidiary protection on 8 October 2013."
3,64,4167_chunk000,15,5.723404212569427,Subsidiary Protection Definition,"An applicant of Syrian nationality and Sunni Islamic religion requested international protection on 24 November 2021 in Austria. The Federal Office for Immigration and Asylum (BFA) did not grant him refugee status but subsidiary protection, a decision which he appealed to the Federal Administrative Court."
3,240,931_chunk000,16,5.645419234972534,Subsidiary Protection Definition,"Pursuant to Art. 4a of the Asylum Act 2005, an application for international protection is to be rejected as inadmissible where the foreign person has been granted asylum or subsidiary protection status in another EEA Member State or Switzerland. In the specific case, the appellant, a Syrian citizen, filed an application for international protection in April 2018."
3,96,3230_chunk000,17,5.622580774681909,Subsidiary Protection Definition,"The applicant, an Afghan national, was denied subsidiary protection on exclusion grounds, namely that there were serious reasons for considering that he had committed a serious crime. The decision was upheld by the National Court of Asylum (CNDA), and the applicant subsequently appealed to the Council of State."
3,550,136_chunk001,18,5.622580774681909,Subsidiary Protection Definition,"By decision dated 5 November 2013 the Minister for Justice and Equality refused to entertain this application for subsidiary protection, contending that she had not made the application within the administrative deadline of 15 days from the date of the issuing of a proposal to..."
3,580,256_chunk001,19,5.495891122579657,Subsidiary Protection Definition,ly ties existed before the arrival in Belgium of the reuniting person (who enjoys subsidiary...
3,350,590_chunk000,20,5.318544982223641,Subsidiary Protection Definition,"In an urgent action for the «granting of asylum or of a residence permit for subsidiary protection» the use of «official international reports on the political and social situation of the applicant's country of origin», by the court of appeal is not in breach of Articles 412 and 662 of the Civil Procedure Code.

..."
3,439,145_chunk000,21,5.318544982223641,Subsidiary Protection Definition,"The Administrative Court confirmed the Administrative Tribunal's ruling that there was a situation of generalized violence in Afghanistan leading to the grant of subsidiary protection to the asylum seeker. The Ministry of Foreign and European Affairs had appealed the Administrative Tribunal fearing a pull factor.

..."
3,426,58_chunk000,22,5.224377213025576,Subsidiary Protection Definition,"In this case the Court of Appeal considered the question of whether, where an applicant for subsidiary protection is considered by the decision maker to be a national of Country A, and also to have been granted refugee status and lived in each of Countries B and C, may the application be decided upon the basis that he is a stateless person within the meaning of the Qualification Directive and the "
3,552,218_chunk000,23,5.0457032992706985,Subsidiary Protection Definition,"In the present case the applicant, Ms. Danqua, (Ghanaian national), made a very belated application for subsidiary protection on 8th October 2013, having first applied for refugee status in 2010 and having been refused asylum following a decision of the Refugee Appeal Tribunal in January 2011."
3,325,645_chunk000,24,4.799489209226052,Subsidiary Protection Definition,"As per CNDA press release: When the ECtHR concludes that there is a real risk of inhuman or degrading treatment if returned to the country of origin, the CNDA is obliged not only to consider as admissible a request for review by the person concerned but also to grant him at least the benefit of subsidiary protection within the meaning of Article L. 712-1 (b) of the CESEDA."
3,579,256_chunk000,25,4.799489209226052,Subsidiary Protection Definition,"According to the EDAL, the Council for Alien Law Litigation confirmed that those who enjoy subsidiary protection are equivalent to recognised refugees, for the purposes of family reunification and are exempted from additional conditions in relation to housing, health insurance, and means of subsistence provided that the application for family reunification is submitted within one year and the fami"
3,480,97_chunk000,26,4.648275288195397,Subsidiary Protection Definition,"As of 2016, beneficiaries of subsidiary protection in Lower Austria differ from persons granted asylum in that they are entitled only to benefits under basic welfare support. The Constitutional Court ruled in June 2017 that this rule is constitutional, since sufficient factual and legal differences exist to justify differing treatment with respect to social benefits."
3,562,143_chunk000,27,2.278322615321533,Subsidiary Protection Definition,"The decision annulled the grand-ducal regulation of 24 August 2016, declaring compulsory the use of land in the frames of the plan entitled 'Provisional Emergency Reception Facility for International Protection Applicants, Rejected International Protection Applicants, and Beneficiaries of International Protection. ..."
3,451,51_chunk001,28,2.1407988011858894,Subsidiary Protection Definition,"rst application for international protection lodged in 2006.

Those elements that could have..."
3,344,608_chunk000,29,2.1350325150826595,Subsidiary Protection Definition,"Three country nationals, C, J, and S, had their applications for international protection rejected in the Netherlands and were detained with a view to preparing their return. C's application for international protection was rejected on 11 April 2017, and C was detained on 13 April."
3,430,69_chunk000,30,2.1350325150826595,Subsidiary Protection Definition,"If it is not clear whether an asylum applicant has already been granted international protection in another European Union member state (here: Italy), the administrative courts must find out whether this is the case if the admissibility of a new application for protection depends on it."
3,295,650_chunk000,31,2.083679550733045,Subsidiary Protection Definition,The case concerns the suspension of the implementation of a decision on refusal of international protection.
3,487,85_chunk001,32,2.083679550733045,Subsidiary Protection Definition,(iii) The dilution and disapplication of the procedural fairness and kindred protections enshrined in...
3,113,2506_chunk001,33,2.029529117766241,Subsidiary Protection Definition,The applicant also had a child and invoked the protection of family life and best interests of the child as a...
3,418,105_chunk001,34,2.029529117766241,Subsidiary Protection Definition,"A had a residence in Denmark in accordance with the Immigration Act's rules on temporary protection, based on the..."
3,290,984_chunk001,35,2.0243459429282327,Subsidiary Protection Definition,"The Council ruled that, indeed, the burden of the proof on whether an applicant has been granted an international protection in another MS or not lies on the CGRS, nonetheless, this proof being made, it is up to the applicant to provide evidence when he challenges the actuality or the effectiveness of his protection.Also, the question whether the applicant may be readmit by..."
3,8,6098_chunk000,36,1.9731976620809923,Subsidiary Protection Definition,"An Egyptian national lodged a subsequent application for international protection, claiming that he feared persecution in the event of return to Egypt on account of his sexual orientation. The Office for the Protection of Refugees and Stateless Persons (OFPRA) rejected the application on 27 April 2022."
3,283,987_chunk001,37,1.9731976620809923,Subsidiary Protection Definition,"For the Council of State, the State is bound to cover the costs of any civil sentence against its public officials, to protect them if they are the subject of criminal proceedings and protect them against threats, violence, assault, verbal abuse, defamation or insult to which they may be subjected in the course of their duties. This overarching..."
3,355,576_chunk000,38,1.9731976620809923,Subsidiary Protection Definition,"The First Instance Administrative Court took a decision related to the no existence of sanctions if the maximum period of 21 months for the procedure of examination of an application for international protection is surpassed. In this case, an applicant for international protection whose application had been rejected appealed the decision of refusal."
3,496,44_chunk001,39,1.9292546083681117,Subsidiary Protection Definition,The administrative authority (Ministry of Interior) refused to grant the applicants the international protection. It concluded that according to the...
3,104,3275_chunk000,40,1.924570367901563,Subsidiary Protection Definition,"The applicant, a Syrian national, applied for international protection on 2 October 2021 in Austria. As he had already applied for international protection in Malta in September 2021, the Federal Office for Immigration and Asylum (BFA) requested the Maltese authorities to take back the applicant, which Malta accepted."
3,312,366_chunk000,41,1.924570367901563,Subsidiary Protection Definition,"In this case the applicant (Nigeria) arrived to Ireland in October 2016. He claimed to be bisexual and that he was the subject of an attempt to force him to join a cult in Nigeria. On May 2017, the International Protection Office informed him the refusal of his application for protection on the ground of lack of credibility. He appealed the decision."
3,318,649_chunk000,42,1.9011445557373718,Subsidiary Protection Definition,"If an affiliate with a time-limited residence permit and status as an alternative person in need of protection can be considered to have well-founded prospects of being granted a permanent residence permit, it can be judged on the basis of how likely it is that the need for protection remains when the current permit expires."
3,29,4728_chunk001,43,1.8827435280526512,Subsidiary Protection Definition,"On 20 February 2024, the applicant lodged a second application for international protection with the Ministry and on the same day she was heard by..."
3,249,689_chunk001,44,1.8827435280526512,Subsidiary Protection Definition,They provided the court a list of deficiencies contained in the Royal Decree regarding the protection and safeguards in place for families and children. The applicants...
3,446,4705_chunk000,45,1.8827435280526512,Subsidiary Protection Definition,"Judgment concerning the freedom of movement of asylum seekers in Ceuta and Melilla, although his application for international protection was admitted for examination.

..."
3,264,923_chunk000,46,1.8559631025170977,Subsidiary Protection Definition,An applicant must submit a request for protection with which he asserts target-country-related dangers that are objectively suitable in their nature for recognition as a person entitled to asylum or an award for international protection (material asylum request within the meaning of Section 13 (1) Asylum Act) refer the asylum procedure to the Federal Office.
3,296,650_chunk001,47,1.8559631025170977,Subsidiary Protection Definition,"The Supreme Court considering that the Polish provisions on granting international protection do not explicitly provide for the right to stay of a foreigner applying for international protection in proceedings before the court of first instance, rules that the fulfillment of the obligation under Art. 46 ust. 5 of the procedural directive 2013/32, must take place through the decision..."
3,316,591_chunk000,48,1.8559631025170977,Subsidiary Protection Definition,"I- Matters regarding the hearing of the interested party with respect to inadmissibility decisions on a request for international protection and the transfer of an applicant for international protection, rendered further to a decision to accept the taking back request by another member state, are governed by Article 5 of Regulation (EU) No 604/2013 of the European Parliament and of the Council of "
3,233,1090_chunk001,49,1.8384222626575548,Subsidiary Protection Definition,"The applicant, who subsequently traveled to Germany, made a further request for international protection after returning to Austria on 15 January..."
3,294,589_chunk001,50,1.8384222626575548,Subsidiary Protection Definition,II – The aforementioned Article 17 (1 and 2) is applicable to situations where the request for international protection is considered inadmissible and the...
3,471,175_chunk001,51,1.8384222626575548,Subsidiary Protection Definition,"(ii) There is a general duty of confidentiality during the process of examining a protection claim, including appellate and judicial review proceedings. If..."
3,319,649_chunk001,52,1.7961397191288966,Subsidiary Protection Definition,"Here, both the individual protection reasons and the current land information must be considered. The possibility of obtaining a residence permit due to work or qualifying..."
3,128,3269_chunk000,53,1.7920789052475143,Subsidiary Protection Definition,"The applicant, a national of Somalia, applied for international protection in France on 18 December 2020 and he was placed under the Dublin procedure while a request was sent to Germany, considered the Member State responsible to examine the request for international protection. The applicant returned to Germany, and thereafter returned to France and asked for asylum a second time on 26 May 2021."
3,105,3275_chunk001,54,1.7557583920818172,Subsidiary Protection Definition,"By decision of 25 November 2021, the BFA rejected the application for international protection as inadmissible and ordered the applicant's removal to Malta. The applicant..."
3,320,579_chunk000,55,1.7557583920818172,Subsidiary Protection Definition,The applicants in each of these six cases have brought proceedings making the technical objection that the International Protection Office used contractors in the process of coming up with a negative recommendation.
3,557,47_chunk001,56,1.7557583920818172,Subsidiary Protection Definition,"Afterwards, he travelled via Germany to the Czech Republic where he lodged in 2015 the application for international protection. The administrative authority (the Ministry of Interior), found the application..."
3,172,957_chunk001,57,1.7171528699758012,Subsidiary Protection Definition,"The appellant claimed her stalker enjoyed political influence and/or protection in Albania so her complaints to the police were not effective, and therefore she fled Albania and claimed asylum in Ireland."
3,141,2505_chunk000,58,1.680208534126702,Subsidiary Protection Definition,"The applicant, national of Mali, applied for international protection in Germany but based on EURODAC findings his application was rejected as inadmissible as Italy was responsible to process his application."
3,424,32_chunk000,59,1.680208534126702,Subsidiary Protection Definition,"Majid Shiri, an Iranian national, has brought a challenge before the Austrian courts in relation to the decision refusing his application for international protection in Austria and his removal to Bulgaria."
3,115,3239_chunk001,60,1.6448204221251734,Subsidiary Protection Definition,"The Municipal Court stated that the authorities' decision to reject his application for refugee protection was unlawful and annulled the decision in its entirety, claiming that annulling only part of it would lead to an..."
3,123,3286_chunk001,61,1.6448204221251734,Subsidiary Protection Definition,"The Supreme Court confirmed that the application for international protection implies the suspension of the removal procedure for irregular stay that could affect the applicant, until the Administration issues an initial decision..."
3,194,1091_chunk000,62,1.6108922319226984,Subsidiary Protection Definition,"The case concerns a Nigerian applicant who made unsuccessful applications for international protection in April 2015, January 2017 and May 2018, and decisions to return him were issued."
3,507,46_chunk000,63,1.6108922319226984,Subsidiary Protection Definition,"The applicant (Ukrainian national) had arrived to the Czech Republic in 2006 on the basis of a work permit. In November 2016, he lodged the application for international protection which was dismissed by the administrative authority."
3,30,4709_chunk000,64,1.5783354466845672,Subsidiary Protection Definition,"A Syrian national requested international protection in Germany, alleging a well-founded fear of persecution in his country of origin due to the ongoing civil war and a risk of forced conscription."
3,102,3270_chunk000,65,1.5783354466845672,Subsidiary Protection Definition,"The applicant, whose Dublin transfer time limit was extended, appealed the decision of 8 November 2021 of the Police Prefect which refused the registration of the request for international protection in the regular procedure."
3,237,953_chunk001,66,1.5783354466845672,Subsidiary Protection Definition,Barrett J held that there is a wide diversity of familial structures and the relationship of father/child was not confined by the International Protection Act 2015 to a biological father and accordingly quashed the Minister's refusal of family...
3,275,647_chunk001,67,1.5783354466845672,Subsidiary Protection Definition,"The urgent action was initiated by several civil society organisations against complications that amounted to obstacles to the registration of applications for international protection through a telephone platform. The platform, established by the French Office for Immigration and..."
3,292,582_chunk001,68,1.5783354466845672,Subsidiary Protection Definition,"The applicant submitted that in dismissing his explanation of suffering a mental disability, the Tribunal acted in breach of the national protection legislation, the EU Charter of Fundamental Freedoms and the European Convention on Human..."
3,364,585_chunk001,69,1.5783354466845672,Subsidiary Protection Definition,"15(c) of the qualification directive, an internal armed conflict involves a conflict between the state and an armed group, or between two or more armed groups confronting each other. With regards to the UNHCR “Guidelines on International Protection No. 12:..."
3,18,4992_chunk000,70,1.5470685636630224,Subsidiary Protection Definition,"The applicant is a national of Russia. In December 2023, he travelled to Czechia after receiving a Schengen tourist visa at the Hungarian embassy in Russia. On 24 December 2023, he requested international protection in Czechia."
3,60,3924_chunk000,71,1.5470685636630224,Subsidiary Protection Definition,The applicant contested a return decision issued on 21 December 2022 where the authorities ordered deportation to an unspecified country and requested also protection against refoulement based on Articles 2 and 3 of the ECHR.
3,61,3924_chunk001,72,1.5470685636630224,Subsidiary Protection Definition,"The applicant, a Palestinian national arrived in Cyprus via the occupied territories and was detained pursuant to the Aliens and Immigration Law and a deportation order was issued. He applied for asylum but was granted a supplementary protection status..."
3,183,976_chunk001,73,1.5470685636630224,Subsidiary Protection Definition,The Court of Cassation due to the low-profile status of the plaintiff as one of the many construction workers involved in the construction of flood protection structures without a sufficient level of individualizing elements concerning the plaintiff and with respect to the story provided by him did not find the conclusion...
3,12,4999_chunk000,74,1.5170164129462718,Subsidiary Protection Definition,"The applicant is a national from Ethiopia. On 26 January 2024, the applicant requested international protection in Luxembourg. In support of her application, she claimed that she feared persecution and rape on account of her membership of the Ahmara ethnic group."
3,54,3964_chunk000,75,1.5170164129462718,Subsidiary Protection Definition,"The case concerned a family from Azerbaijan who unsuccessfully applied for international protection. In their subsequent application, they requested interpretation in Turkish language because of concerns that Azerbaijan interpreters may be in contact with the domestic authorities."
3,103,3270_chunk001,76,1.5170164129462718,Subsidiary Protection Definition,The Council of State held that the appeal against a refusal to examine the request for international protection in the regular procedure is admissible only if the person concerned is able to establish that the transfer period has expired and the transfer can no...
3,177,955_chunk001,77,1.5170164129462718,Subsidiary Protection Definition,In September 2018 the application was refused by the Minister for Justice on the basis that it had not been submitted within 12 months of the grant of refugee status as required by section 56(8) of the International Protection Act 2015. The applicant then...
3,204,1564_chunk001,78,1.5170164129462718,Subsidiary Protection Definition,"By decision of 28 February 2017, the Swedish Migration Agency rejected his application, considering that although HA may have received assistance from UNRWA, he did not prove the risk invoked upon return and he does not fulfil the requirements for international protection. However, he..."
3,303,658_chunk000,79,1.5170164129462718,Subsidiary Protection Definition,"On November 2018, the Supreme Court of Madrid ruled that the Spanish authorities had to ensure the access to a reception centers to an international protection applicant who previously abandon the assigned center to travel to the Netherlands."
3,321,579_chunk001,80,1.5170164129462718,Subsidiary Protection Definition,The issue now is whether the present applicants in other cases raising the same or similar points should get the benefit of a stay restraining the International Protection Appeals Tribunal from carrying out its statutory duty to hear their appeals from the IPO recommendations...
3,402,151_chunk000,81,1.5170164129462718,Subsidiary Protection Definition,"A., B., C., D., and E., five young Afghan nationals, arrived separately in Norway between 26 July 2015 and 1 October 2015. Each applied for international protection, claiming to be between 15 and 16 years old at the time of arrival."
3,405,50_chunk001,82,1.5170164129462718,Subsidiary Protection Definition,"The Municipal Court found out that the applicant during his detention lodged the application for international protection, he was re-detained under the provisions of the Act on Asylum implementing Art. 8(3)(d) of the Recast Reception Directive and for this reason his original..."
3,72,3963_chunk000,83,1.4881095540952205,Subsidiary Protection Definition,"On 7 January 2021, the applicant submitted a subsequent application for international protection, stating that his activities in the country of origin were related to religion, not politics, as he had converted to Christianity in Iran. As a result of this he had problems with the police and with his family, even though he was not baptized."
3,90,3965_chunk000,84,1.4881095540952205,Subsidiary Protection Definition,"The applicants submitted applications for temporary protection in April 2022 and at the interview they mentioned to have moved to Canada in 2012 and lived there until 2020. They acquired Canadian citizenship around 2018. The children were both born in Canada, but probably also have Ukrainian citizenship."
3,168,981_chunk001,85,1.4881095540952205,Subsidiary Protection Definition,"Upon appeal, the applicant argued that he is a Palestinian refugee, and that he is eligible of UNRWA protection despite not having been registered with and not having received material assistance from UNRWA or lived in its area of operation. The applicant claimed to fall within the personal scope of Article 1D..."
3,256,1011_chunk000,86,1.4881095540952205,Subsidiary Protection Definition,"The case concerns a challenge to detention under the recast Reception Conditions Directive. The applicant requested international protection after being found illegally working in the Czech Republic and using fake documents to obtain such work.

..."
3,10,5761_chunk000,87,1.4602837404730995,Subsidiary Protection Definition,"A. and B., together with their two children, requested international protection in Romania on 12 July 2023 and in Switzerland on 26 July 2023. On 11 August 2023, they submitted an application for recognition of statelessness in Switzerland, claiming to be stateless Maktumin from Syria."
3,24,4729_chunk000,88,1.4602837404730995,Subsidiary Protection Definition,"A national of Tajikistan from the Pamiri ethnic group requested international protection in Luxembourg on 16 January 2020, claiming a risk of persecution due to his political activities related to revealing unlawful practices and abuses of power within the State."
3,279,956_chunk001,89,1.4602837404730995,Subsidiary Protection Definition,The Minister for Justice refused the application on the basis that section 56(9)(a) of the 2015 Act only provided for refugee family reunification for spouses where the marriage pre-dated the application for international protection. The applicant subsequently instituted...
3,331,607_chunk000,90,1.4602837404730995,Subsidiary Protection Definition,"X, an Iraqi national, was notified of the withdrawal of his fixed-period residence permit, the rejection of his application for international protection, and an obligation to return. X appealed against that decision before the District Court of The Hague in the Netherlands, which annulled it whilst maintaining its legal effects."
3,508,46_chunk001,91,1.4602837404730995,Subsidiary Protection Definition,The applicant filed the action for annulment of the decision before the Regional Court in Ostrava on the last day of 15 day time limit laid down by the Act on Asylum for the actions against administrative decisions concerning international protection. The action...
3,26,4730_chunk000,92,1.4334794425702126,Subsidiary Protection Definition,"A national of Guinea requested international protection in Luxembourg on 31 May 2022, relying on his political activism, and in particular on his participation in various demonstrations severely repressed by the political power in place, which led to him being imprisoned and tortured by the Guinean authorities."
3,38,4036_chunk000,93,1.4334794425702126,Subsidiary Protection Definition,The case concerned an application for asylum submitted by an applicant from Iraq and for which the Finnish Immigration Service considered that he had a well-founded fear of persecution based on religious grounds but excluded him from protection for alleged commission of a serious non-political crime.
3,68,4150_chunk000,94,1.4334794425702126,Subsidiary Protection Definition,The case concerned an applicant from Morocco who alleged to have fled from his country due to fear for his life. He arrived in Milan and tried since December 2022 to access the Milan Police Headquarters in order to formalise his application for international protection.
3,234,1086_chunk000,95,1.4334794425702126,Subsidiary Protection Definition,"A national of Ivory Coast applied for international protection on 22 January 2018, claiming that he was born on 2001 but did not submit documents to prove his date of birth. Following an age assessment, the State Secretary concluded that the applicant was not a minor."
3,293,589_chunk000,96,1.4334794425702126,Subsidiary Protection Definition,"I – Notification to the applicant for international protection, to account for the content of his statement, does not comply with the formalities required by Article 17 (1 and 2) of the Asylum law under which a written report, containing all the essential information regarding the case and to which the applicant can respond, must be drawn up."
3,49,4037_chunk001,97,1.4076414228802168,Subsidiary Protection Definition,"The application was rejected based on a written opinion of the State Agency for National Security (SANS), which concluded that the applicant constitutes a threat to national security and should not be granted protection in Bulgaria. The Administrative Court of Sofia city validated the negative decision, and the applicant..."
3,99,3240_chunk001,98,1.4076414228802168,Subsidiary Protection Definition,"- the State Secretariat for Migration (SEM) and the Federal Administrative Court (TAF), in both first and second instance procedures, have based their decisions to reject the application for international protection on claims that the applicant's testimony lacked credibility and that the authenticity of the documents he presented was..."
3,86,3207_chunk000,99,1.3827183559387017,Subsidiary Protection Definition,"The applicant, Afghan national, applied for international protection and received a negative decision because the authorities considered that he did not fulfil the eligibility criteria and that the fact of leaving the country due to fear of an unstable political and security situation after the Taliban took overpower in August 2021."
4,154,934_chunk000,0,8.100353257789163,Perceived Plausibility Of Past Events,"The Division is of the opinion that there are reasons to assume that the situation in Afghanistan for Hazara is now less safe than in the past. The information now available shows that, for all kinds of reasons, Hazara could have problems with different combating groups in Afghanistan."
4,515,64_chunk000,1,7.078308877321534,Perceived Plausibility Of Past Events,"(Abstract provided by UNHCR) The FAC rejected the application of a family to be recognized as stateless. Despite the fact that Swiss authorities had unsuccessfully tried to return the applicants for the past 17 years, the Court found that the applicants had not done everything possible to obtain travel documents from their countries of origin...."
4,8,6098_chunk000,2,6.952983518807119,Perceived Plausibility Of Past Events,"An Egyptian national lodged a subsequent application for international protection, claiming that he feared persecution in the event of return to Egypt on account of his sexual orientation. The Office for the Protection of Refugees and Stateless Persons (OFPRA) rejected the application on 27 April 2022."
4,357,633_chunk000,3,6.493126024059075,Perceived Plausibility Of Past Events,"The legal question concerned a situation in which the applicant (a third country national) claimed asylum based on events that had happened in another EU MS in which the applicant had lived and towards which the Dublin Regulation was applicable. In the current case, a Nigerian national claimed she was in danger of persecution and serious harm in Spain due to her ex-husband."
